nginx-module-geoip	libgeoip1
nginx-module-image-filter	fontconfig-config
nginx-module-image-filter	fonts-dejavu-core
nginx-module-image-filter	libabsl20220623
nginx-module-image-filter	libaom3
nginx-module-image-filter	libavif15
nginx-module-image-filter	libbsd0
nginx-module-image-filter	libdav1d6
nginx-module-image-filter	libde265-0
nginx-module-image-filter	libdeflate0
nginx-module-image-filter	libexpat1
nginx-module-image-filter	libfontconfig1
nginx-module-image-filter	libfreetype6
nginx-module-image-filter	libgav1-1
nginx-module-image-filter	libgd3
nginx-module-image-filter	libheif1
nginx-module-image-filter	libjbig0
nginx-module-image-filter	libjpeg62-turbo
nginx-module-image-filter	liblerc4
nginx-module-image-filter	libnuma1
nginx-module-image-filter	libpng16-16
nginx-module-image-filter	librav1e0
nginx-module-image-filter	libsvtav1enc1
nginx-module-image-filter	libtiff6
nginx-module-image-filter	libwebp7
nginx-module-image-filter	libx11-6
nginx-module-image-filter	libx11-data
nginx-module-image-filter	libx265-199
nginx-module-image-filter	libxau6
nginx-module-image-filter	libxcb1
nginx-module-image-filter	libxdmcp6
nginx-module-image-filter	libxpm4
nginx-module-image-filter	libyuv0
nginx-module-njs	libicu72
nginx-module-njs	libxml2
nginx-module-xslt	libicu72
nginx-module-xslt	libxml2
nginx-module-xslt	libxslt1.1
