adduser	3.134	
apt	2.6.1	
base-files	12.4+deb12u5	
base-passwd	3.6.1	
bash	5.2.15-2+b2	bash (5.2.15-2)
bsdutils	1:2.38.1-5+deb12u1	util-linux (2.38.1-5+deb12u1)
ca-certificates	20230311	
coreutils	9.1-1	
curl	7.88.1-10+deb12u5	
dash	0.5.12-2	
debconf	1.5.82	
debian-archive-keyring	2023.3+deb12u1	
debianutils	5.7-0.5~deb12u1	
diffutils	1:3.8-4	
dpkg	1.21.22	
e2fsprogs	1.47.0-2	
findutils	4.9.0-4	
fontconfig-config	2.14.1-4	fontconfig
fonts-dejavu-core	2.37-6	fonts-dejavu
gcc-12-base	12.2.0-14	gcc-12
gettext-base	0.21-12	gettext
gpgv	2.2.40-1.1	gnupg2
grep	3.8-5	
gzip	1.12-1	
hostname	3.23+nmu1	
init-system-helpers	1.65.2	
libabsl20220623	20220623.1-1	abseil
libacl1	2.3.1-3	acl
libaom3	3.6.0-1	aom
libapt-pkg6.0	2.6.1	apt
libattr1	1:2.5.1-4	attr
libaudit-common	1:3.0.9-1	audit
libaudit1	1:3.0.9-1	audit
libavif15	0.11.1-1	libavif
libblkid1	2.38.1-5+deb12u1	util-linux
libbrotli1	1.0.9-2+b6	brotli (1.0.9-2)
libbsd0	0.11.7-2	libbsd
libbz2-1.0	1.0.8-5+b1	bzip2 (1.0.8-5)
libc-bin	2.36-9+deb12u7	glibc
libc6	2.36-9+deb12u7	glibc
libcap-ng0	0.8.3-1+b3	libcap-ng (0.8.3-1)
libcap2	1:2.66-4	
libcom-err2	1.47.0-2	e2fsprogs
libcrypt1	1:4.4.33-2	libxcrypt
libcurl4	7.88.1-10+deb12u5	curl
libdav1d6	1.0.0-2+deb12u1	dav1d
libdb5.3	5.3.28+dfsg2-1	db5.3
libde265-0	1.0.11-1+deb12u2	libde265
libdebconfclient0	0.270	cdebconf
libdeflate0	1.14-1	libdeflate
libedit2	3.1-20221030-2	libedit
libexpat1	2.5.0-1	expat
libext2fs2	1.47.0-2	e2fsprogs
libffi8	3.4.4-1	libffi
libfontconfig1	2.14.1-4	fontconfig
libfreetype6	2.12.1+dfsg-5	freetype
libgav1-1	0.18.0-1+b1	libgav1 (0.18.0-1)
libgcc-s1	12.2.0-14	gcc-12
libgcrypt20	1.10.1-3	
libgd3	2.3.3-9	libgd2
libgeoip1	1.6.12-10	geoip
libgmp10	2:6.2.1+dfsg1-1.1	gmp
libgnutls30	3.7.9-2+deb12u2	gnutls28
libgpg-error0	1.46-1	libgpg-error
libgssapi-krb5-2	1.20.1-2+deb12u1	krb5
libheif1	1.15.1-1	libheif
libhogweed6	3.8.1-2	nettle
libicu72	72.1-3	icu
libidn2-0	2.3.3-1+b1	libidn2 (2.3.3-1)
libjbig0	2.1-6.1	jbigkit
libjpeg62-turbo	1:2.1.5-2	libjpeg-turbo
libk5crypto3	1.20.1-2+deb12u1	krb5
libkeyutils1	1.6.3-2	keyutils
libkrb5-3	1.20.1-2+deb12u1	krb5
libkrb5support0	1.20.1-2+deb12u1	krb5
libldap-2.5-0	2.5.13+dfsg-5	openldap
liblerc4	4.0.0+ds-2	lerc
liblz4-1	1.9.4-1	lz4
liblzma5	5.4.1-0.2	xz-utils
libmd0	1.0.4-2	libmd
libmount1	2.38.1-5+deb12u1	util-linux
libnettle8	3.8.1-2	nettle
libnghttp2-14	1.52.0-1+deb12u1	nghttp2
libnuma1	2.0.16-1	numactl
libp11-kit0	0.24.1-2	p11-kit
libpam-modules	1.5.2-6+deb12u1	pam
libpam-modules-bin	1.5.2-6+deb12u1	pam
libpam-runtime	1.5.2-6+deb12u1	pam
libpam0g	1.5.2-6+deb12u1	pam
libpcre2-8-0	10.42-1	pcre2
libpng16-16	1.6.39-2	libpng1.6
libpsl5	0.21.2-1	libpsl
librav1e0	0.5.1-6	rust-rav1e
librtmp1	2.4+20151223.gitfa8646d.1-2+b2	rtmpdump (2.4+20151223.gitfa8646d.1-2)
libsasl2-2	2.1.28+dfsg-10	cyrus-sasl2
libsasl2-modules-db	2.1.28+dfsg-10	cyrus-sasl2
libseccomp2	2.5.4-1+b3	libseccomp (2.5.4-1)
libselinux1	3.4-1+b6	libselinux (3.4-1)
libsemanage-common	3.4-1	libsemanage
libsemanage2	3.4-1+b5	libsemanage (3.4-1)
libsepol2	3.4-2.1	libsepol
libsmartcols1	2.38.1-5+deb12u1	util-linux
libss2	1.47.0-2	e2fsprogs
libssh2-1	1.10.0-3+b1	libssh2 (1.10.0-3)
libssl3	3.0.11-1~deb12u2	openssl
libstdc++6	12.2.0-14	gcc-12
libsvtav1enc1	1.4.1+dfsg-1	svt-av1
libsystemd0	252.22-1~deb12u1	systemd
libtasn1-6	4.19.0-2	
libtiff6	4.5.0-6+deb12u1	tiff
libtinfo6	6.4-4	ncurses
libudev1	252.22-1~deb12u1	systemd
libunistring2	1.0-2	libunistring
libuuid1	2.38.1-5+deb12u1	util-linux
libwebp7	1.2.4-0.2+deb12u1	libwebp
libx11-6	2:1.8.4-2+deb12u2	libx11
libx11-data	2:1.8.4-2+deb12u2	libx11
libx265-199	3.5-2+b1	x265 (3.5-2)
libxau6	1:1.0.9-1	libxau
libxcb1	1.15-1	libxcb
libxdmcp6	1:1.1.2-3	libxdmcp
libxml2	2.9.14+dfsg-1.3~deb12u1	
libxpm4	1:3.5.12-1.1+deb12u1	libxpm
libxslt1.1	1.1.35-1	libxslt
libxxhash0	0.8.1-1	xxhash
libyuv0	0.0~git20230123.b2528b0-1	libyuv
libzstd1	1.5.4+dfsg2-5	libzstd
login	1:4.13+dfsg1-1+b1	shadow (1:4.13+dfsg1-1)
logsave	1.47.0-2	e2fsprogs
mawk	1.3.4.20200120-3.1	
mount	2.38.1-5+deb12u1	util-linux
ncurses-base	6.4-4	ncurses
ncurses-bin	6.4-4	ncurses
nginx	1.25.5-1~bookworm	
nginx-module-geoip	1.25.5-1~bookworm	
nginx-module-image-filter	1.25.5-1~bookworm	
nginx-module-njs	1.25.5+0.8.4-3~bookworm	
nginx-module-xslt	1.25.5-1~bookworm	
openssl	3.0.11-1~deb12u2	
passwd	1:4.13+dfsg1-1+b1	shadow (1:4.13+dfsg1-1)
perl-base	5.36.0-7+deb12u1	perl
sed	4.9-1	
sysvinit-utils	3.06-4	sysvinit
tar	1.34+dfsg-1.2+deb12u1	
tzdata	2024a-0+deb12u1	
usr-is-merged	37~deb12u1	usrmerge
util-linux	2.38.1-5+deb12u1	
util-linux-extra	2.38.1-5+deb12u1	util-linux
zlib1g	1:1.2.13.dfsg-1	zlib
